{"Running": "0",
"PK Basics": "0.1", 
"Stride": "0.1", 
"Drop": "0.1", 
"Precision Jump": "0.1", 
"Safety Vault": "0.1", 
"Plyo": "0.2", 
"Speed Vault": "0.2", 
"Tic Tac": "0.3", 
"Lazy Vault": "0.3", 
"Thief Vault": "0.3", 
"Side Vault": "0.4", 
"Pole Swing": "0.4", 
"Pop Vault": "0.5", 
"Splat": "0.5", 
"Roll": "0.5", 
"Gate Vault": "0.5", 
"Wallrun": "0.6", 
"Arm Jump": "0.6", 
"Tap Swing": "0.6", 
"Kong Vault": "0.6", 
"Turn Vault": "0.6", 
"Reverse Vault": "0.6", 
"Kash Vault": "0.6", 
"Dash Vault": "0.6", 
"Underbar": "0.6", 
"Cartwheel": "0.8", 
"Swing 180": "0.8", 
"Rail Flare (Italian Job)": "0.8", 
"Safety Spin": "0.9", 
"Pistol Spin": "0.9", 
"Palmspin": "1", 
"Fronthandspring": "1", 
"Swing Gainer": "1.1", 
"Wallspin": "1.1", 
"Reverse Wallspin": "1.1", 
"Backhandspring": "1.1", 
"Climb up": "1.1", 
"Wall Backflip": "1.2", 
"Frisbee": "1.2", 
"Dyno": "1.2", 
"Butterfly": "1.2", 
"Baby Giant": "1.3", 
"Caster Gainer": "1.4", 
"Aerial": "1.4", 
"Backflip": "1.5", 
"Frontflip": "1.5", 
"Sideflip": "1.5", 
"Swing Frontflip": "1.7", 
"A-180": "1.7", 
"B-360": "1.7", 
"Backflip 360": "1.8", 
"Palm Backflip": "1.8", 
"Swing Sideflip": "1.8", 
"Tunnel Sideflip": "1.8", 
"Gainer": "2", 
"Gaet Pimp Backflip": "2", 
"Frontflip 360": "2", 
"Wall Inward Frontflip": "2", 
"Swing Frontflip 180": "2", 
"Wall Inward Sideflip": "2", 
"Cork": "2", 
"Giant": "2", 
"Swing Gainer 360": "2.1", 
"One Step Palm Backflip": "2.3", 
"Cast Away Backflip": "2.3", 
"Hang Cast Backflip": "2.4", 
"Looser Sideflip": "2.4", 
"Sideflip 360": "2.4", 
"Swing Cast Away Backflip": "2.4", 
"Crok": "2.4", 
"Looser Frontflip": "2.6", 
"Pimp Backflip": "2.6", 
"Crok TD": "2.6", 
"A-540": "2.7", 
"B-720": "2.7", 
"Gainer 360": "2.7", 
"Roll Bomb": "2.7", 
"A-720": "2.9", 
"Swing Counter Sideflip": "2.9", 
"Ginger": "2.9", 
"Lazy Sideflip": "2.9", 
"Backflip 720": "3", 
"Swing Counter Frontflip": "3.2", 
"Double Cork": "3.2", 
"Wall Gainer": "3.2", 
"Frontflip 720": "3.3", 
"Sideflip 720": "3.3", 
"Gaet Pimp Backflip 360": "3.3", 
"Wall Backflip 720": "3.5", 
"Kong Gainer": "3.6", 
"Palm Backflip 360": "3.6", 
"Kip 180 Gainer": "3.6", 
"Swing Gainer 720": "3.8", 
"Crok 720": "3.8", 
"Wall Inward Side 360": "3.9", 
"Gargoyle Gainer": "3.9", 
"Swing Double Gainer": "4.1", 
"Swing Cast Away Backflip 360": "4.1", 
"Cast Gainer": "4.4", 
"Double Sideflip": "4.4", 
"Tsukahara/Cartahara": "4.4", 
"Macaco-in": "4.4", 
"Wall Gainer 360": "4.4", 
"Double Frisbee": "4.5", 
"Double Pistol Frisbee": "4.5", 
"Caster Double Gainer": "4.7", 
"Gainer 720": "4.7", 
"Double Backflip": "5", 
"Backflip 1080": "5", 
"Swing Double Gainer 360": "5.1", 
"Triple Cork": "5.1", 
"A-180-in-Backflip-out": "5.1", 
"Tsukahara 360": "5.1", 
"360 Kong Gainer": "5.1", 
"Gaet Pimp Double Backflip": "5.1", 
"Double Frontflip": "5.3", 
"Kong Gainer 360": "5.3", 
"Double Backflip 360": "5.6", 
"Crok 1080": "5.6", 
"Two Step Wall Double Backflip": "5.7", 
"Swing Cast Away Backflip Regrab": "5.9", 
"Swing Gainer 1080": "6", 
"One Step Wall Double Backflip": "6", 
"Swing Double Gainer 720": "6.5", 
"Swing Cast Away Double Backflip": "6.8", 
"Double Palm Flip": "6.8", 
"Swing Triple Gainer": "7.2", 
"Swing Miller": "7.2", 
"Backflip 1440": "7.5"
}