{
    "Stride": "0.1",
    "Drop": "0.2",
    "Precision Jump": "0.3",
    "Safety Vault": "0.3",
    "Plyo": "0.4",
    "Speed Vault": "0.4",
    "Tic Tac": "0.5",
    "Lazy Vault": "0.5",
    "Thief Vault": "0.6",
    "Side Vault": "0.7",
    "Pole Swing": "0.7",
    "Pop Vault": "0.8",
    "Splat": "0.8",
    "Roll": "0.8",
    "Gate Vault": "0.8",
    "Wallrun": "1.1",
    "Arm Jump": "1.1",
    "Tap Swing": "1.1",
    "Kong Vault": "1.1",
    "Turn Vault": "1.1",
    "Reverse Vault": "1.1",
    "Kash Vault": "1.1",
    "Dash Vault": "1.1",
    "Underbar": "1.1",
    "Cartwheel": "1.2",
    "Swing 180": "1.2",
    "Rail Flare (Italian Job)": "1.2",
    "Safety Spin": "1.4",
    "Pistol Spin": "1.4",
    "Palmspin": "1.5",
    "Fronthandspring": "1.5",
    "Swing Gainer": "1.7",
    "Wallspin": "1.7",
    "Reverse Wallspin": "1.7",
    "Backhandspring": "1.7",
    "Climb up": "1.7",
    "Wall Backflip": "1.8",
    "Frisbee": "1.8",
    "Dyno": "1.8",
    "Butterfly": "1.8",
    "Baby Giant": "2",
    "Caster Gainer": "2.1",
    "Aerial": "2.1",
    "Backflip": "2.3",
    "Frontflip": "2.3",
    "Sideflip": "2.3",
    "Swing Frontflip": "2.6",
    "A-180": "2.6",
    "B-360": "2.6",
    "Backflip 360": "2.7",
    "Palm Backflip": "2.7",
    "Swing Sideflip": "2.7",
    "Tunnel Sideflip": "2.7",
    "Gainer": "2.9",
    "Gaet Pimp Backflip": "2.9",
    "Frontflip 360": "2.9",
    "Wall Inward Frontflip": "2.9",
    "Swing Frontflip 180": "2.9",
    "Wall Inward Sideflip": "2.9",
    "Cork": "3",
    "Giant": "3",
    "Swing Gainer 360": "3.2",
    "One Step Palm Backflip": "3.5",
    "Cast Away Backflip": "3.5",
    "Hang Cast Backflip": "3.6",
    "Looser Sideflip": "3.6",
    "Sideflip 360": "3.6",
    "Swing Cast Away Backflip": "3.6",
    "Crok": "3.6",
    "Looser Frontflip": "3.9",
    "Pimp Backflip": "3.9",
    "Crok TD": "3.9",
    "A-540": "4.1",
    "B-720": "4.1",
    "Gainer 360": "4.1",
    "Roll Bomb": "4.1",
    "A-720": "4.4",
    "Swing Counter Sideflip": "4.4",
    "Ginger": "4.4",
    "Lazy Sideflip": "4.4",
    "Backflip 720": "4.5",
    "Swing Counter Frontflip": "4.8",
    "Double Cork": "4.8",
    "Wall Gainer": "4.8",
    "Frontflip 720": "5",
    "Sideflip 720": "5",
    "Gaet Pimp Backflip 360": "5",
    "Wall Backflip 720": "5.3",
    "Kong Gainer": "5.4",
    "Palm Backflip 360": "5.4",
    "Kip 180 Gainer": "5.4",
    "Swing Gainer 720": "5.7",
    "Crok 720": "5.7",
    "Wall Inward Side 360": "5.9",
    "Gargoyle Gainer": "5.9",
    "Swing Double Gainer": "6.2",
    "Swing Cast Away Backflip 360": "6.2",
    "Cast Gainer": "6.6",
    "Double Sideflip": "6.6",
    "Tsukahara/Cartahara": "6.6",
    "Macaco-in": "6.6",
    "Wall Gainer 360": "6.6",
    "Double Frisbee": "6.8",
    "Double Pistol Frisbee": "6.8",
    "Caster Double Gainer": "7.1",
    "Gainer 720": "7.1",
    "Double Backflip": "7.5",
    "Backflip 1080": "7.5"
}
